{"entities":{"pages":{"ghost-guide":{"id":"ghost-guide","title":"Phasmophobia Guide","url":"ghost-guide.html","level":0,"pages":["Evidence-Collection-Methods"],"tabIndex":0},"Evidence-Collection-Methods":{"id":"Evidence-Collection-Methods","title":"Evidence Collection Methods","url":"evidence-collection-methods.html","level":1,"parentId":"ghost-guide","tabIndex":0},"Ghosts":{"id":"Ghosts","title":"Ghost Guide","url":"ghosts.html","level":0,"pages":["Spirit","Wraith","Phantom","Poltergeist","Banshee"],"tabIndex":1},"Spirit":{"id":"Spirit","title":"Spirit","url":"spirit.html","level":1,"parentId":"Ghosts","tabIndex":0},"Wraith":{"id":"Wraith","title":"Wraith","url":"wraith.html","level":1,"parentId":"Ghosts","tabIndex":1},"Phantom":{"id":"Phantom","title":"Phantom","url":"phantom.html","level":1,"parentId":"Ghosts","tabIndex":2},"Poltergeist":{"id":"Poltergeist","title":"Poltergeist","url":"poltergeist.html","level":1,"parentId":"Ghosts","tabIndex":3},"Banshee":{"id":"Banshee","title":"Banshee","url":"banshee.html","level":1,"parentId":"Ghosts","tabIndex":4}}},"topLevelIds":["ghost-guide","Ghosts"]}