{"entities":{"pages":{"ghost-guide":{"id":"ghost-guide","title":"Phasmophobia Guide","url":"ghost-guide.html","level":0,"pages":["Evidence-Collection-Methods"],"tabIndex":0},"Evidence-Collection-Methods":{"id":"Evidence-Collection-Methods","title":"Evidence Collection Methods","url":"evidence-collection-methods.html","level":1,"parentId":"ghost-guide","tabIndex":0},"Ghosts":{"id":"Ghosts","title":"Ghost Guide","url":"ghosts.html","level":0,"pages":["Ghost-Types"],"tabIndex":1},"Ghost-Types":{"id":"Ghost-Types","title":"Ghost Types","url":"ghost-types.html","level":1,"parentId":"Ghosts","pages":["Banshee","Poltergeist","Phantom","Wraith","Spirit"],"tabIndex":0},"Banshee":{"id":"Banshee","title":"Banshee","url":"banshee.html","level":2,"parentId":"Ghost-Types","tabIndex":0},"Poltergeist":{"id":"Poltergeist","title":"Poltergeist","url":"poltergeist.html","level":2,"parentId":"Ghost-Types","tabIndex":1},"Phantom":{"id":"Phantom","title":"Phantom","url":"phantom.html","level":2,"parentId":"Ghost-Types","tabIndex":2},"Wraith":{"id":"Wraith","title":"Wraith","url":"wraith.html","level":2,"parentId":"Ghost-Types","tabIndex":3},"Spirit":{"id":"Spirit","title":"Spirit","url":"spirit.html","level":2,"parentId":"Ghost-Types","tabIndex":4}}},"topLevelIds":["ghost-guide","Ghosts"]}